,GROUP_SET,TEAM_ABBREVIATION,TEAM_NAME,VS_PLAYER_NAME,COURT_STATUS,GP,MIN,PLUS_MINUS,OFF_RATING,DEF_RATING,NET_RATING
0,On/Off Court,BOS,Boston Celtics,"Brissett, Oshae",On,10,55.0,8.7,106.5,93.7,12.8
1,On/Off Court,BOS,Boston Celtics,"Brown, Jaylen",On,19,707.0,6.0,116.1,109.9,6.2
2,On/Off Court,BOS,Boston Celtics,"Hauser, Sam",On,19,283.0,14.6,117.6,102.2,15.5
3,On/Off Court,BOS,Boston Celtics,"Holiday, Jrue",On,19,720.0,9.5,117.4,107.3,10.0
4,On/Off Court,BOS,Boston Celtics,"Horford, Al",On,19,575.0,11.7,118.0,106.6,11.4
5,On/Off Court,BOS,Boston Celtics,"Kornet, Luke",On,13,133.0,-6.1,104.5,111.4,-6.8
6,On/Off Court,BOS,Boston Celtics,"Mykhailiuk, Svi",On,8,32.0,-13.6,89.8,98.4,-8.6
7,On/Off Court,BOS,Boston Celtics,"Porzingis, Kristaps",On,7,165.0,11.4,113.8,101.6,12.2
8,On/Off Court,BOS,Boston Celtics,"Pritchard, Payton",On,19,355.0,3.8,114.3,108.6,5.7
9,On/Off Court,BOS,Boston Celtics,"Queta, Neemias",On,3,13.0,39.6,96.3,55.6,40.7
10,On/Off Court,BOS,Boston Celtics,"Springer, Jaden",On,4,22.0,8.7,97.6,86.0,11.6
11,On/Off Court,BOS,Boston Celtics,"Tatum, Jayson",On,19,768.0,9.2,117.8,108.6,9.2
12,On/Off Court,BOS,Boston Celtics,"Tillman, Xavier",On,8,69.0,15.3,114.5,95.5,19.0
13,On/Off Court,BOS,Boston Celtics,"Walsh, Jordan",On,3,11.0,25.4,91.3,62.5,28.8
14,On/Off Court,BOS,Boston Celtics,"White, Derrick",On,19,676.0,4.8,113.6,108.1,5.5
