,GROUP_SET,TEAM_ABBREVIATION,TEAM_NAME,VS_PLAYER_NAME,COURT_STATUS,GP,MIN,PLUS_MINUS,OFF_RATING,DEF_RATING,NET_RATING
0,On/Off Court,CLE,Cleveland Cavaliers,"Allen, Jarrett",On,4,127.0,-3.0,103.2,108.0,-4.9
1,On/Off Court,CLE,Cleveland Cavaliers,"Garland, Darius",On,12,432.0,-8.2,101.4,110.6,-9.2
2,On/Off Court,CLE,Cleveland Cavaliers,"Jones, Damian",On,2,9.0,-15.7,100.0,110.0,-10.0
3,On/Off Court,CLE,Cleveland Cavaliers,"LeVert, Caris",On,11,278.0,-6.2,101.3,108.7,-7.4
4,On/Off Court,CLE,Cleveland Cavaliers,"Merrill, Sam",On,10,125.0,-4.2,108.7,113.3,-4.6
5,On/Off Court,CLE,Cleveland Cavaliers,"Mitchell, Donovan",On,10,382.0,0.0,106.0,106.7,-0.7
6,On/Off Court,CLE,Cleveland Cavaliers,"Mobley, Evan",On,12,422.0,-3.6,104.9,108.4,-3.5
7,On/Off Court,CLE,Cleveland Cavaliers,"Morris Sr., Marcus",On,9,138.0,-13.6,99.6,114.2,-14.6
8,On/Off Court,CLE,Cleveland Cavaliers,"Niang, Georges",On,10,121.0,-9.5,101.2,113.0,-11.7
9,On/Off Court,CLE,Cleveland Cavaliers,"Okoro, Isaac",On,12,263.0,-5.7,101.9,105.6,-3.7
10,On/Off Court,CLE,Cleveland Cavaliers,"Strus, Max",On,12,433.0,-3.5,107.7,111.7,-4.0
11,On/Off Court,CLE,Cleveland Cavaliers,"Thompson, Tristan",On,10,87.0,-17.6,89.7,107.4,-17.7
12,On/Off Court,CLE,Cleveland Cavaliers,"Wade, Dean",On,3,63.0,-9.9,104.0,117.4,-13.3
