,GROUP_SET,TEAM_ABBREVIATION,TEAM_NAME,VS_PLAYER_NAME,COURT_STATUS,GP,MIN,PLUS_MINUS,OFF_RATING,DEF_RATING,NET_RATING
0,On/Off Court,DAL,Dallas Mavericks,"Doncic, Luka",On,22,899.0,5.2,113.8,109.4,4.3
1,On/Off Court,DAL,Dallas Mavericks,"Exum, Dante",On,21,144.0,-4.7,102.4,106.5,-4.1
2,On/Off Court,DAL,Dallas Mavericks,"Gafford, Daniel",On,22,445.0,-5.0,105.9,111.3,-5.4
3,On/Off Court,DAL,Dallas Mavericks,"Green, Josh",On,22,399.0,0.4,110.1,109.7,0.4
4,On/Off Court,DAL,Dallas Mavericks,"Hardaway Jr., Tim",On,14,178.0,-9.5,103.3,113.4,-10.0
5,On/Off Court,DAL,Dallas Mavericks,"Hardy, Jaden",On,19,129.0,-8.6,94.9,106.0,-11.1
6,On/Off Court,DAL,Dallas Mavericks,"Irving, Kyrie",On,22,879.0,6.2,116.6,110.9,5.7
7,On/Off Court,DAL,Dallas Mavericks,"Jones Jr., Derrick",On,22,647.0,3.2,111.6,107.8,3.7
8,On/Off Court,DAL,Dallas Mavericks,"Kleber, Maxi",On,13,219.0,2.9,112.0,109.8,2.2
9,On/Off Court,DAL,Dallas Mavericks,"Lawson, A.J.",On,10,30.0,-19.2,94.8,109.8,-15.0
10,On/Off Court,DAL,Dallas Mavericks,"Lively II, Dereck",On,21,462.0,10.2,114.5,105.4,9.1
11,On/Off Court,DAL,Dallas Mavericks,"Morris, Markieff",On,1,12.0,24.0,125.0,96.0,29.0
12,On/Off Court,DAL,Dallas Mavericks,"Powell, Dwight",On,13,44.0,0.0,100.0,95.6,4.4
13,On/Off Court,DAL,Dallas Mavericks,"Prosper, Olivier-Maxence",On,3,9.0,-32.3,58.8,88.9,-30.1
14,On/Off Court,DAL,Dallas Mavericks,"Washington, P.J.",On,22,785.0,2.9,113.8,110.4,3.4
