,GROUP_SET,TEAM_ABBREVIATION,TEAM_NAME,VS_PLAYER_NAME,COURT_STATUS,GP,MIN,PLUS_MINUS,OFF_RATING,DEF_RATING,NET_RATING
0,On/Off Court,DEN,Denver Nuggets,"Braun, Christian",On,12,204.0,1.9,101.5,98.5,3.0
1,On/Off Court,DEN,Denver Nuggets,"Caldwell-Pope, Kentavious",On,12,420.0,-0.3,113.9,113.0,0.9
2,On/Off Court,DEN,Denver Nuggets,"Gordon, Aaron",On,12,445.0,-5.0,109.0,112.9,-3.9
3,On/Off Court,DEN,Denver Nuggets,"Holiday, Justin",On,12,150.0,7.7,103.4,94.4,9.0
4,On/Off Court,DEN,Denver Nuggets,"Jackson, Reggie",On,12,117.0,0.8,100.0,98.8,1.2
5,On/Off Court,DEN,Denver Nuggets,"Jokic, Nikola",On,12,482.0,1.1,113.1,111.1,2.0
6,On/Off Court,DEN,Denver Nuggets,"Jordan, DeAndre",On,2,13.0,-73.6,68.0,148.0,-80.0
7,On/Off Court,DEN,Denver Nuggets,"Murray, Jamal",On,12,462.0,-3.3,111.2,114.1,-2.9
8,On/Off Court,DEN,Denver Nuggets,"Nnaji, Zeke",On,3,14.0,-17.2,69.0,89.3,-20.3
9,On/Off Court,DEN,Denver Nuggets,"Pickett, Jalen",On,3,11.0,-8.9,65.2,77.3,-12.1
10,On/Off Court,DEN,Denver Nuggets,"Porter Jr., Michael",On,12,443.0,-1.0,113.1,114.4,-1.3
11,On/Off Court,DEN,Denver Nuggets,"Strawther, Julian",On,3,16.0,-36.6,64.5,100.0,-35.5
12,On/Off Court,DEN,Denver Nuggets,"Tyson, Hunter",On,3,14.0,-24.6,71.4,96.4,-25.0
13,On/Off Court,DEN,Denver Nuggets,"Watson, Peyton",On,10,90.0,-18.1,84.3,101.6,-17.3
