,GROUP_SET,TEAM_ABBREVIATION,TEAM_NAME,VS_PLAYER_NAME,COURT_STATUS,GP,MIN,PLUS_MINUS,OFF_RATING,DEF_RATING,NET_RATING
0,On/Off Court,IND,Indiana Pacers,"Brown, Kendall",On,7,25.0,-39.1,68.0,110.2,-42.2
1,On/Off Court,IND,Indiana Pacers,"Haliburton, Tyrese",On,15,522.0,5.4,121.8,116.9,4.9
2,On/Off Court,IND,Indiana Pacers,"Jackson, Isaiah",On,15,154.0,-3.4,109.2,109.9,-0.7
3,On/Off Court,IND,Indiana Pacers,"Johnson, James",On,1,1.0,48.0,50.0,0.0,50.0
4,On/Off Court,IND,Indiana Pacers,"McConnell, T.J.",On,17,348.0,-0.7,114.9,113.9,1.1
5,On/Off Court,IND,Indiana Pacers,"McDermott, Doug",On,10,64.0,-14.3,99.2,113.7,-14.5
6,On/Off Court,IND,Indiana Pacers,"Nembhard, Andrew",On,17,554.0,1.6,122.0,119.4,2.6
7,On/Off Court,IND,Indiana Pacers,"Nesmith, Aaron",On,17,559.0,1.2,120.3,117.7,2.6
8,On/Off Court,IND,Indiana Pacers,"Sheppard, Ben",On,17,335.0,4.2,120.4,113.8,6.5
9,On/Off Court,IND,Indiana Pacers,"Siakam, Pascal",On,17,602.0,3.0,121.7,117.5,4.2
10,On/Off Court,IND,Indiana Pacers,"Smith, Jalen",On,7,42.0,-46.5,79.1,123.9,-44.8
11,On/Off Court,IND,Indiana Pacers,"Toppin, Obi",On,17,343.0,-1.4,113.4,113.6,-0.1
12,On/Off Court,IND,Indiana Pacers,"Turner, Myles",On,17,550.0,4.8,123.9,119.0,4.9
13,On/Off Court,IND,Indiana Pacers,"Walker, Jarace",On,9,31.0,-28.1,80.6,113.3,-32.7
