,GROUP_SET,TEAM_ABBREVIATION,TEAM_NAME,VS_PLAYER_NAME,COURT_STATUS,GP,MIN,PLUS_MINUS,OFF_RATING,DEF_RATING,NET_RATING
0,On/Off Court,LAC,LA Clippers,"Boston Jr., Brandon",On,3,10.0,24.8,138.1,114.3,23.8
1,On/Off Court,LAC,LA Clippers,"Brown, Kobe",On,3,10.0,14.9,135.0,114.3,20.7
2,On/Off Court,LAC,LA Clippers,"Coffey, Amir",On,6,112.0,-15.8,100.0,112.9,-12.9
3,On/Off Court,LAC,LA Clippers,"George, Paul",On,6,222.0,-5.8,111.0,115.7,-4.8
4,On/Off Court,LAC,LA Clippers,"Harden, James",On,6,242.0,-9.5,107.5,117.2,-9.8
5,On/Off Court,LAC,LA Clippers,"Hyland, Bones",On,3,12.0,8.1,124.0,116.0,8.0
6,On/Off Court,LAC,LA Clippers,"Leonard, Kawhi",On,2,59.0,-9.7,100.0,109.7,-9.7
7,On/Off Court,LAC,LA Clippers,"Mann, Terance",On,6,187.0,-6.4,108.6,113.9,-5.3
8,On/Off Court,LAC,LA Clippers,"Plumlee, Mason",On,6,66.0,-7.3,105.2,109.4,-4.2
9,On/Off Court,LAC,LA Clippers,"Powell, Norman",On,6,179.0,-5.9,108.3,114.9,-6.6
10,On/Off Court,LAC,LA Clippers,"Theis, Daniel",On,1,4.0,21.8,155.6,150.0,5.6
11,On/Off Court,LAC,LA Clippers,"Tucker, P.J.",On,2,31.0,-37.6,105.4,145.6,-40.3
12,On/Off Court,LAC,LA Clippers,"Westbrook, Russell",On,6,114.0,0.4,110.9,108.6,2.3
13,On/Off Court,LAC,LA Clippers,"Zubac, Ivica",On,6,192.0,-2.0,107.9,111.2,-3.4
