,GROUP_SET,TEAM_ABBREVIATION,TEAM_NAME,VS_PLAYER_NAME,COURT_STATUS,GP,MIN,PLUS_MINUS,OFF_RATING,DEF_RATING,NET_RATING
0,On/Off Court,LAL,Los Angeles Lakers,"Davis, Anthony",On,5,208.0,-2.1,111.6,114.8,-3.2
1,On/Off Court,LAL,Los Angeles Lakers,"Dinwiddie, Spencer",On,5,73.0,-12.5,97.4,109.8,-12.4
2,On/Off Court,LAL,Los Angeles Lakers,"Hachimura, Rui",On,5,152.0,-7.6,107.6,115.2,-7.6
3,On/Off Court,LAL,Los Angeles Lakers,"Hayes, Jaxson",On,4,24.0,14.1,115.2,100.0,15.2
4,On/Off Court,LAL,Los Angeles Lakers,"James, LeBron",On,5,204.0,-2.6,108.9,113.2,-4.3
5,On/Off Court,LAL,Los Angeles Lakers,"Prince, Taurean",On,5,111.0,-1.3,105.2,108.3,-3.2
6,On/Off Court,LAL,Los Angeles Lakers,"Reaves, Austin",On,5,174.0,-2.5,112.8,116.3,-3.5
7,On/Off Court,LAL,Los Angeles Lakers,"Russell, D'Angelo",On,5,185.0,5.7,112.3,107.6,4.7
8,On/Off Court,LAL,Los Angeles Lakers,"Vincent, Gabe",On,5,69.0,-6.2,100.7,111.3,-10.6
