,GROUP_SET,TEAM_ABBREVIATION,TEAM_NAME,VS_PLAYER_NAME,COURT_STATUS,GP,MIN,PLUS_MINUS,OFF_RATING,DEF_RATING,NET_RATING
0,On/Off Court,MIA,Miami Heat,"Adebayo, Bam",On,5,193.0,-9.0,103.8,113.8,-10.0
1,On/Off Court,MIA,Miami Heat,"Bryant, Thomas",On,2,18.0,-10.8,81.8,96.9,-15.1
2,On/Off Court,MIA,Miami Heat,"Herro, Tyler",On,5,185.0,-11.2,102.8,114.4,-11.6
3,On/Off Court,MIA,Miami Heat,"Highsmith, Haywood",On,5,126.0,-23.3,95.0,119.0,-24.0
4,On/Off Court,MIA,Miami Heat,"Jaquez Jr., Jaime",On,4,122.0,-9.0,99.6,110.4,-10.8
5,On/Off Court,MIA,Miami Heat,"Jovic, Nikola",On,5,128.0,-21.3,91.9,116.4,-24.5
6,On/Off Court,MIA,Miami Heat,"Love, Kevin",On,5,32.0,-50.8,98.4,150.0,-51.6
7,On/Off Court,MIA,Miami Heat,"Martin, Caleb",On,5,176.0,-16.1,102.1,117.6,-15.5
8,On/Off Court,MIA,Miami Heat,"Mills, Patty",On,3,52.0,-8.4,102.1,112.5,-10.4
9,On/Off Court,MIA,Miami Heat,"Robinson, Duncan",On,5,60.0,-37.0,91.4,129.9,-38.5
10,On/Off Court,MIA,Miami Heat,"Robinson, Orlando",On,1,2.0,58.0,100.0,50.0,50.0
11,On/Off Court,MIA,Miami Heat,"Wright, Delon",On,4,107.0,-9.4,105.7,115.6,-10.0
