,GROUP_SET,TEAM_ABBREVIATION,TEAM_NAME,VS_PLAYER_NAME,COURT_STATUS,GP,MIN,PLUS_MINUS,OFF_RATING,DEF_RATING,NET_RATING
0,On/Off Court,MIL,Milwaukee Bucks,"Antetokounmpo, Thanasis",On,2,5.0,20.4,100.0,90.9,9.1
1,On/Off Court,MIL,Milwaukee Bucks,"Beasley, Malik",On,6,131.0,-13.9,103.7,119.4,-15.7
2,On/Off Court,MIL,Milwaukee Bucks,"Beauchamp, MarJon",On,4,10.0,14.7,90.5,80.0,10.5
3,On/Off Court,MIL,Milwaukee Bucks,"Beverley, Patrick",On,6,210.0,-0.2,120.1,121.6,-1.5
4,On/Off Court,MIL,Milwaukee Bucks,"Connaughton, Pat",On,6,124.0,0.0,109.2,110.1,-0.9
5,On/Off Court,MIL,Milwaukee Bucks,"Crowder, Jae",On,4,42.0,-28.7,97.6,123.3,-25.7
6,On/Off Court,MIL,Milwaukee Bucks,"Gallinari, Danilo",On,3,37.0,-7.7,122.1,120.3,1.8
7,On/Off Court,MIL,Milwaukee Bucks,"Green, AJ",On,6,67.0,-1.4,107.8,111.6,-3.8
8,On/Off Court,MIL,Milwaukee Bucks,"Jackson Jr., Andre",On,5,60.0,8.8,117.5,106.6,10.9
9,On/Off Court,MIL,Milwaukee Bucks,"Lillard, Damian",On,4,156.0,-10.8,111.0,124.8,-13.8
10,On/Off Court,MIL,Milwaukee Bucks,"Livingston, Chris",On,2,6.0,0.0,83.3,90.9,-7.6
11,On/Off Court,MIL,Milwaukee Bucks,"Lopez, Brook",On,6,200.0,-8.4,114.6,125.3,-10.7
12,On/Off Court,MIL,Milwaukee Bucks,"Middleton, Khris",On,6,230.0,1.0,117.8,116.9,0.9
13,On/Off Court,MIL,Milwaukee Bucks,"Portis, Bobby",On,6,187.0,9.2,122.4,114.7,7.7
