,GROUP_SET,TEAM_ABBREVIATION,TEAM_NAME,VS_PLAYER_NAME,COURT_STATUS,GP,MIN,PLUS_MINUS,OFF_RATING,DEF_RATING,NET_RATING
0,On/Off Court,MIN,Minnesota Timberwolves,"Alexander-Walker, Nickeil",On,16,378.0,1.0,111.1,110.7,0.5
1,On/Off Court,MIN,Minnesota Timberwolves,"Anderson, Kyle",On,15,231.0,-7.5,105.4,112.7,-7.3
2,On/Off Court,MIN,Minnesota Timberwolves,"Conley, Mike",On,15,474.0,5.9,115.2,110.9,4.2
3,On/Off Court,MIN,Minnesota Timberwolves,"Edwards, Anthony",On,16,649.0,5.3,115.0,110.6,4.4
4,On/Off Court,MIN,Minnesota Timberwolves,"Garza, Luka",On,7,26.0,42.8,105.5,68.6,36.8
5,On/Off Court,MIN,Minnesota Timberwolves,"Gobert, Rudy",On,15,512.0,8.9,119.1,109.3,9.8
6,On/Off Court,MIN,Minnesota Timberwolves,"McDaniels, Jaden",On,16,537.0,6.0,117.9,111.5,6.4
7,On/Off Court,MIN,Minnesota Timberwolves,"McLaughlin, Jordan",On,6,30.0,27.3,101.6,81.4,20.2
8,On/Off Court,MIN,Minnesota Timberwolves,"Miller, Leonard",On,3,7.0,49.7,120.0,84.6,35.4
9,On/Off Court,MIN,Minnesota Timberwolves,"Minott, Josh",On,5,18.0,31.8,97.4,70.3,27.2
10,On/Off Court,MIN,Minnesota Timberwolves,"Moore Jr., Wendell",On,6,18.0,23.4,92.3,73.0,19.3
11,On/Off Court,MIN,Minnesota Timberwolves,"Morris, Monte",On,9,67.0,1.4,90.2,89.4,0.8
12,On/Off Court,MIN,Minnesota Timberwolves,"Reid, Naz",On,16,361.0,-3.1,110.5,113.4,-2.9
13,On/Off Court,MIN,Minnesota Timberwolves,"Towns, Karl-Anthony",On,16,522.0,1.7,112.7,111.7,1.0
14,On/Off Court,MIN,Minnesota Timberwolves,"Warren, T.J.",On,3,11.0,29.9,104.3,77.3,27.1
