,GROUP_SET,TEAM_ABBREVIATION,TEAM_NAME,VS_PLAYER_NAME,COURT_STATUS,GP,MIN,PLUS_MINUS,OFF_RATING,DEF_RATING,NET_RATING
0,On/Off Court,NYK,New York Knicks,"Achiuwa, Precious",On,9,184.0,-6.2,119.0,125.4,-6.4
1,On/Off Court,NYK,New York Knicks,"Anunoby, OG",On,9,324.0,0.4,118.7,119.3,-0.7
2,On/Off Court,NYK,New York Knicks,"Bogdanovic, Bojan",On,4,51.0,30.3,118.0,86.0,32.0
3,On/Off Court,NYK,New York Knicks,"Brunson, Jalen",On,13,517.0,1.1,118.2,118.2,0.0
4,On/Off Court,NYK,New York Knicks,"Burks, Alec",On,6,121.0,-8.4,116.6,128.5,-11.9
5,On/Off Court,NYK,New York Knicks,"DiVincenzo, Donte",On,13,466.0,-6.1,118.7,125.6,-6.9
6,On/Off Court,NYK,New York Knicks,"Diakite, Mamadi",On,4,15.0,41.9,100.0,54.8,45.2
7,On/Off Court,NYK,New York Knicks,"Hart, Josh",On,13,548.0,-3.9,118.0,122.3,-4.3
8,On/Off Court,NYK,New York Knicks,"Hartenstein, Isaiah",On,13,388.0,-8.8,118.7,128.2,-9.5
9,On/Off Court,NYK,New York Knicks,"Jeffries, DaQuan",On,4,20.0,31.1,95.1,61.9,33.2
10,On/Off Court,NYK,New York Knicks,"McBride, Miles",On,13,347.0,-5.1,113.5,117.9,-4.4
11,On/Off Court,NYK,New York Knicks,"Milton, Shake",On,4,22.0,23.9,95.5,68.9,26.6
12,On/Off Court,NYK,New York Knicks,"Robinson, Mitchell",On,6,115.0,12.6,119.8,106.6,13.2
13,On/Off Court,NYK,New York Knicks,"Sims, Jericho",On,5,27.0,14.0,89.8,78.9,10.9
