,GROUP_SET,TEAM_ABBREVIATION,TEAM_NAME,VS_PLAYER_NAME,COURT_STATUS,GP,MIN,PLUS_MINUS,OFF_RATING,DEF_RATING,NET_RATING
0,On/Off Court,NOP,New Orleans Pelicans,"Alvarado, Jose",On,4,62.0,-16.4,85.4,102.4,-17.1
1,On/Off Court,NOP,New Orleans Pelicans,"Daniels, Dyson",On,3,17.0,-36.8,65.7,97.3,-31.6
2,On/Off Court,NOP,New Orleans Pelicans,"Hawkins, Jordan",On,3,12.0,4.2,83.3,76.0,7.3
3,On/Off Court,NOP,New Orleans Pelicans,"Ingram, Brandon",On,4,145.0,-14.5,90.6,104.7,-14.0
4,On/Off Court,NOP,New Orleans Pelicans,"Jones, Herbert",On,4,141.0,-16.0,94.0,110.2,-16.2
5,On/Off Court,NOP,New Orleans Pelicans,"Liddell, E.J.",On,1,3.0,37.9,66.7,28.6,38.1
6,On/Off Court,NOP,New Orleans Pelicans,"Marshall, Naji",On,4,84.0,-17.7,95.2,113.7,-18.5
7,On/Off Court,NOP,New Orleans Pelicans,"McCollum, CJ",On,4,148.0,-17.2,95.0,113.5,-18.5
8,On/Off Court,NOP,New Orleans Pelicans,"Murphy III, Trey",On,4,168.0,-17.1,92.6,110.4,-17.8
9,On/Off Court,NOP,New Orleans Pelicans,"Nance Jr., Larry",On,4,84.0,-10.3,91.3,102.3,-11.0
10,On/Off Court,NOP,New Orleans Pelicans,"Robinson-Earl, Jeremiah",On,1,5.0,-9.1,80.0,90.0,-10.0
11,On/Off Court,NOP,New Orleans Pelicans,"Ryan, Matt",On,1,3.0,37.9,66.7,28.6,38.1
12,On/Off Court,NOP,New Orleans Pelicans,"Valanciunas, Jonas",On,4,89.0,-17.2,96.1,116.5,-20.4
