,GROUP_SET,TEAM_ABBREVIATION,TEAM_NAME,VS_PLAYER_NAME,COURT_STATUS,GP,MIN,PLUS_MINUS,OFF_RATING,DEF_RATING,NET_RATING
0,On/Off Court,OKC,Oklahoma City Thunder,"Dieng, Ousmane",On,4,7.0,0.0,85.7,85.7,0.0
1,On/Off Court,OKC,Oklahoma City Thunder,"Dort, Luguentz",On,10,350.0,4.8,109.7,104.9,4.9
2,On/Off Court,OKC,Oklahoma City Thunder,"Giddey, Josh",On,10,181.0,10.3,109.1,98.9,10.1
3,On/Off Court,OKC,Oklahoma City Thunder,"Gilgeous-Alexander, Shai",On,10,399.0,6.7,110.8,104.4,6.4
4,On/Off Court,OKC,Oklahoma City Thunder,"Hayward, Gordon",On,7,46.0,16.7,102.1,85.1,17.0
5,On/Off Court,OKC,Oklahoma City Thunder,"Holmgren, Chet",On,10,345.0,10.4,113.1,102.0,11.1
6,On/Off Court,OKC,Oklahoma City Thunder,"Joe, Isaiah",On,10,173.0,3.6,107.3,105.4,1.9
7,On/Off Court,OKC,Oklahoma City Thunder,"Wallace, Cason",On,10,198.0,7.8,108.4,97.8,10.6
8,On/Off Court,OKC,Oklahoma City Thunder,"Waters III, Lindy",On,3,9.0,-22.5,66.7,94.1,-27.5
9,On/Off Court,OKC,Oklahoma City Thunder,"Wiggins, Aaron",On,10,157.0,6.7,108.4,100.0,8.4
10,On/Off Court,OKC,Oklahoma City Thunder,"Williams, Jalen",On,10,377.0,8.4,112.7,104.7,8.0
11,On/Off Court,OKC,Oklahoma City Thunder,"Williams, Jaylin",On,10,127.0,-10.9,96.5,105.8,-9.3
12,On/Off Court,OKC,Oklahoma City Thunder,"Williams, Kenrich",On,7,31.0,-9.1,95.1,101.6,-6.5
