,GROUP_SET,TEAM_ABBREVIATION,TEAM_NAME,VS_PLAYER_NAME,COURT_STATUS,GP,MIN,PLUS_MINUS,OFF_RATING,DEF_RATING,NET_RATING
0,On/Off Court,ORL,Orlando Magic,"Anthony, Cole",On,7,103.0,6.1,102.0,94.0,8.0
1,On/Off Court,ORL,Orlando Magic,"Banchero, Paolo",On,7,262.0,3.7,102.4,99.1,3.4
2,On/Off Court,ORL,Orlando Magic,"Bitadze, Goga",On,2,10.0,-39.4,100.0,147.4,-47.4
3,On/Off Court,ORL,Orlando Magic,"Black, Anthony",On,2,11.0,-35.7,95.2,133.3,-38.1
4,On/Off Court,ORL,Orlando Magic,"Carter Jr., Wendell",On,7,185.0,5.7,106.7,100.5,6.2
5,On/Off Court,ORL,Orlando Magic,"Fultz, Markelle",On,7,106.0,14.6,106.2,90.0,16.2
6,On/Off Court,ORL,Orlando Magic,"Harris, Gary",On,6,159.0,0.6,101.2,98.5,2.8
7,On/Off Court,ORL,Orlando Magic,"Houstan, Caleb",On,3,14.0,-44.6,78.6,129.6,-51.1
8,On/Off Court,ORL,Orlando Magic,"Howard, Jett",On,2,10.0,-39.4,100.0,147.4,-47.4
9,On/Off Court,ORL,Orlando Magic,"Ingles, Joe",On,7,68.0,10.7,108.2,97.7,10.5
10,On/Off Court,ORL,Orlando Magic,"Isaac, Jonathan",On,7,147.0,2.0,102.3,98.7,3.6
11,On/Off Court,ORL,Orlando Magic,"Okeke, Chuma",On,2,10.0,-39.4,100.0,147.4,-47.4
12,On/Off Court,ORL,Orlando Magic,"Suggs, Jalen",On,7,232.0,5.4,106.2,99.4,6.8
13,On/Off Court,ORL,Orlando Magic,"Wagner, Franz",On,7,259.0,5.6,104.8,98.5,6.3
14,On/Off Court,ORL,Orlando Magic,"Wagner, Moritz",On,7,105.0,15.5,105.8,87.6,18.2
