,GROUP_SET,TEAM_ABBREVIATION,TEAM_NAME,VS_PLAYER_NAME,COURT_STATUS,GP,MIN,PLUS_MINUS,OFF_RATING,DEF_RATING,NET_RATING
0,On/Off Court,PHI,Philadelphia 76ers,"Batum, Nicolas",On,6,170.0,-5.1,109.9,114.6,-4.7
1,On/Off Court,PHI,Philadelphia 76ers,"Embiid, Joel",On,6,248.0,8.9,124.1,114.8,9.3
2,On/Off Court,PHI,Philadelphia 76ers,"Harris, Tobias",On,6,218.0,-2.0,114.8,115.9,-1.1
3,On/Off Court,PHI,Philadelphia 76ers,"Hield, Buddy",On,4,51.0,-4.7,110.1,117.5,-7.4
4,On/Off Court,PHI,Philadelphia 76ers,"Lowry, Kyle",On,6,175.0,4.7,119.8,114.4,5.4
5,On/Off Court,PHI,Philadelphia 76ers,"Maxey, Tyrese",On,6,267.0,-1.4,116.7,118.2,-1.6
6,On/Off Court,PHI,Philadelphia 76ers,"Melton, De'Anthony",On,1,7.0,-6.7,114.3,106.3,8.0
7,On/Off Court,PHI,Philadelphia 76ers,"Oubre Jr., Kelly",On,6,224.0,4.9,121.5,115.1,6.5
8,On/Off Court,PHI,Philadelphia 76ers,"Payne, Cameron",On,5,61.0,-4.7,103.4,110.3,-6.9
9,On/Off Court,PHI,Philadelphia 76ers,"Reed, Paul",On,6,43.0,-49.0,73.3,125.9,-52.6
