,GROUP_SET,TEAM_ABBREVIATION,TEAM_NAME,VS_PLAYER_NAME,COURT_STATUS,GP,MIN,PLUS_MINUS,OFF_RATING,DEF_RATING,NET_RATING
0,On/Off Court,PHX,Phoenix Suns,"Allen, Grayson",On,2,43.0,-3.4,109.5,111.8,-2.2
1,On/Off Court,PHX,Phoenix Suns,"Beal, Bradley",On,4,154.0,-15.9,108.1,122.4,-14.2
2,On/Off Court,PHX,Phoenix Suns,"Bol, Bol",On,3,13.0,3.7,88.5,88.0,0.5
3,On/Off Court,PHX,Phoenix Suns,"Booker, Devin",On,4,166.0,-13.3,110.3,122.3,-12.0
4,On/Off Court,PHX,Phoenix Suns,"Durant, Kevin",On,4,168.0,-20.3,110.6,129.4,-18.8
5,On/Off Court,PHX,Phoenix Suns,"Eubanks, Drew",On,3,37.0,-15.4,98.7,120.0,-21.3
6,On/Off Court,PHX,Phoenix Suns,"Gordon, Eric",On,4,118.0,-10.6,116.2,125.1,-8.9
7,On/Off Court,PHX,Phoenix Suns,"Little, Nassir",On,4,14.0,-21.2,84.6,107.7,-23.1
8,On/Off Court,PHX,Phoenix Suns,"Nurkic, Jusuf",On,4,104.0,-18.5,105.4,120.3,-14.9
9,On/Off Court,PHX,Phoenix Suns,"O'Neale, Royce",On,4,104.0,-21.1,102.8,122.3,-19.5
10,On/Off Court,PHX,Phoenix Suns,"Okogie, Josh",On,4,29.0,8.2,122.8,110.2,12.6
11,On/Off Court,PHX,Phoenix Suns,"Roddy, David",On,2,3.0,87.1,100.0,0.0,100.0
12,On/Off Court,PHX,Phoenix Suns,"Thomas, Isaiah",On,1,4.0,-66.4,50.0,112.5,-62.5
13,On/Off Court,PHX,Phoenix Suns,"Young, Thaddeus",On,1,4.0,-66.4,50.0,112.5,-62.5
