,GROUP_SET,TEAM_ABBREVIATION,TEAM_NAME,VS_PLAYER_NAME,COURT_STATUS,GP,MIN,PLUS_MINUS,OFF_RATING,DEF_RATING,NET_RATING
0,On/Off Court,BOS,Boston Celtics,"Brissett, Oshae",Off,19,862.0,8.0,117.4,108.8,8.6
1,On/Off Court,BOS,Boston Celtics,"Brown, Jaylen",Off,19,210.0,14.8,113.5,96.8,16.6
2,On/Off Court,BOS,Boston Celtics,"Hauser, Sam",Off,19,634.0,5.1,113.7,108.5,5.2
3,On/Off Court,BOS,Boston Celtics,"Holiday, Jrue",Off,19,197.0,2.4,106.3,104.1,2.3
4,On/Off Court,BOS,Boston Celtics,"Horford, Al",Off,19,342.0,1.8,109.0,106.9,2.1
5,On/Off Court,BOS,Boston Celtics,"Kornet, Luke",Off,19,784.0,10.4,117.8,106.8,11.0
6,On/Off Court,BOS,Boston Celtics,"Mykhailiuk, Svi",Off,19,885.0,8.8,117.7,108.3,9.4
7,On/Off Court,BOS,Boston Celtics,"Porzingis, Kristaps",Off,19,752.0,7.3,116.8,108.9,7.9
8,On/Off Court,BOS,Boston Celtics,"Pritchard, Payton",Off,19,562.0,10.7,116.7,105.3,11.4
9,On/Off Court,BOS,Boston Celtics,"Queta, Neemias",Off,19,904.0,7.5,117.2,108.9,8.3
10,On/Off Court,BOS,Boston Celtics,"Springer, Jaden",Off,19,895.0,8.0,117.2,108.6,8.6
11,On/Off Court,BOS,Boston Celtics,"Tatum, Jayson",Off,19,149.0,1.9,103.1,100.3,2.7
12,On/Off Court,BOS,Boston Celtics,"Tillman, Xavier",Off,19,848.0,7.4,116.3,108.8,7.4
13,On/Off Court,BOS,Boston Celtics,"Walsh, Jordan",Off,19,906.0,7.8,117.2,108.6,8.5
14,On/Off Court,BOS,Boston Celtics,"White, Derrick",Off,19,241.0,17.1,121.4,101.1,20.4
