,GROUP_SET,TEAM_ABBREVIATION,TEAM_NAME,VS_PLAYER_NAME,COURT_STATUS,GP,MIN,PLUS_MINUS,OFF_RATING,DEF_RATING,NET_RATING
0,On/Off Court,CLE,Cleveland Cavaliers,"Allen, Jarrett",Off,12,449.0,-6.3,104.8,111.4,-6.6
1,On/Off Court,CLE,Cleveland Cavaliers,"Bates, Emoni",Off,2,96.0,12.0,101.0,88.5,12.6
2,On/Off Court,CLE,Cleveland Cavaliers,"Garland, Darius",Off,12,144.0,2.3,107.5,105.1,2.4
3,On/Off Court,CLE,Cleveland Cavaliers,"Jerome, Ty",Off,12,576.0,-5.6,104.7,111.1,-6.4
4,On/Off Court,CLE,Cleveland Cavaliers,"Jones, Damian",Off,12,567.0,-5.4,104.7,111.0,-6.3
5,On/Off Court,CLE,Cleveland Cavaliers,"LeVert, Caris",Off,12,298.0,-5.0,104.9,110.8,-6.0
6,On/Off Court,CLE,Cleveland Cavaliers,"Merrill, Sam",Off,12,451.0,-6.0,102.7,108.9,-6.2
7,On/Off Court,CLE,Cleveland Cavaliers,"Mitchell, Donovan",Off,12,194.0,-16.6,100.0,115.4,-15.4
8,On/Off Court,CLE,Cleveland Cavaliers,"Mobley, Evan",Off,12,154.0,-10.9,98.1,112.2,-14.1
9,On/Off Court,CLE,Cleveland Cavaliers,"Mobley, Isaiah",Off,2,96.0,12.0,101.0,88.5,12.6
10,On/Off Court,CLE,Cleveland Cavaliers,"Morris Sr., Marcus",Off,12,438.0,-3.1,105.4,108.8,-3.4
11,On/Off Court,CLE,Cleveland Cavaliers,"Nance, Pete",Off,2,96.0,12.0,101.0,88.5,12.6
12,On/Off Court,CLE,Cleveland Cavaliers,"Niang, Georges",Off,12,455.0,-4.5,104.4,109.9,-5.6
13,On/Off Court,CLE,Cleveland Cavaliers,"Okoro, Isaac",Off,12,313.0,-5.5,104.2,111.9,-7.6
14,On/Off Court,CLE,Cleveland Cavaliers,"Porter Jr., Craig",Off,12,576.0,-5.6,104.7,111.1,-6.4
15,On/Off Court,CLE,Cleveland Cavaliers,"Strus, Max",Off,12,143.0,-11.8,92.0,103.8,-11.9
16,On/Off Court,CLE,Cleveland Cavaliers,"Thompson, Tristan",Off,12,489.0,-3.4,106.6,110.0,-3.4
17,On/Off Court,CLE,Cleveland Cavaliers,"Wade, Dean",Off,12,513.0,-5.1,104.3,109.9,-5.6
