,GROUP_SET,TEAM_ABBREVIATION,TEAM_NAME,VS_PLAYER_NAME,COURT_STATUS,GP,MIN,PLUS_MINUS,OFF_RATING,DEF_RATING,NET_RATING
0,On/Off Court,DAL,Dallas Mavericks,"Doncic, Luka",Off,22,157.0,-12.3,101.8,110.1,-8.2
1,On/Off Court,DAL,Dallas Mavericks,"Exum, Dante",Off,22,912.0,3.7,114.4,110.4,4.0
2,On/Off Court,DAL,Dallas Mavericks,"Gafford, Daniel",Off,22,611.0,8.1,113.9,106.8,7.1
3,On/Off Court,DAL,Dallas Mavericks,"Green, Josh",Off,22,657.0,3.9,112.5,108.8,3.8
4,On/Off Court,DAL,Dallas Mavericks,"Hardaway Jr., Tim",Off,22,878.0,5.0,114.2,109.2,4.9
5,On/Off Court,DAL,Dallas Mavericks,"Hardy, Jaden",Off,22,927.0,4.1,115.3,111.0,4.3
6,On/Off Court,DAL,Dallas Mavericks,"Irving, Kyrie",Off,22,177.0,-15.2,87.6,102.4,-14.8
7,On/Off Court,DAL,Dallas Mavericks,"Jones Jr., Derrick",Off,22,409.0,1.6,110.5,110.2,0.4
8,On/Off Court,DAL,Dallas Mavericks,"Kleber, Maxi",Off,22,837.0,2.5,112.6,109.5,3.2
9,On/Off Court,DAL,Dallas Mavericks,"Lawson, A.J.",Off,22,1026.0,3.2,113.8,110.6,3.2
10,On/Off Court,DAL,Dallas Mavericks,"Lively II, Dereck",Off,22,594.0,-3.3,107.4,111.5,-4.1
11,On/Off Court,DAL,Dallas Mavericks,"Morris, Markieff",Off,22,1044.0,2.3,113.1,110.8,2.3
12,On/Off Court,DAL,Dallas Mavericks,"Powell, Dwight",Off,22,1012.0,2.7,113.7,111.2,2.5
13,On/Off Court,DAL,Dallas Mavericks,"Prosper, Olivier-Maxence",Off,22,1047.0,2.9,113.7,110.8,2.8
14,On/Off Court,DAL,Dallas Mavericks,"Washington, P.J.",Off,22,271.0,1.6,106.7,105.7,1.1
