,GROUP_SET,TEAM_ABBREVIATION,TEAM_NAME,VS_PLAYER_NAME,COURT_STATUS,GP,MIN,PLUS_MINUS,OFF_RATING,DEF_RATING,NET_RATING
0,On/Off Court,DEN,Denver Nuggets,"Braun, Christian",Off,12,372.0,-4.3,111.8,115.7,-3.8
1,On/Off Court,DEN,Denver Nuggets,"Caldwell-Pope, Kentavious",Off,12,156.0,-6.8,94.4,101.0,-6.5
2,On/Off Court,DEN,Denver Nuggets,"Cancar, Vlatko",Off,12,576.0,-2.1,109.5,110.9,-1.4
3,On/Off Court,DEN,Denver Nuggets,"Gordon, Aaron",Off,12,131.0,7.7,104.4,98.9,5.6
4,On/Off Court,DEN,Denver Nuggets,"Holiday, Justin",Off,12,426.0,-5.5,110.1,115.0,-4.9
5,On/Off Court,DEN,Denver Nuggets,"Jackson, Reggie",Off,12,459.0,-2.8,110.4,112.6,-2.1
6,On/Off Court,DEN,Denver Nuggets,"Jokic, Nikola",Off,12,94.0,-18.4,85.2,106.1,-20.9
7,On/Off Court,DEN,Denver Nuggets,"Jordan, DeAndre",Off,12,563.0,-0.4,110.3,110.1,0.2
8,On/Off Court,DEN,Denver Nuggets,"Key, Braxton",Off,1,48.0,2.0,108.6,105.3,3.3
9,On/Off Court,DEN,Denver Nuggets,"Murray, Jamal",Off,12,114.0,2.9,97.5,92.6,4.9
10,On/Off Court,DEN,Denver Nuggets,"Nnaji, Zeke",Off,12,562.0,-1.7,110.3,111.5,-1.1
11,On/Off Court,DEN,Denver Nuggets,"Pickett, Jalen",Off,12,565.0,-2.0,110.2,111.6,-1.4
12,On/Off Court,DEN,Denver Nuggets,"Porter Jr., Michael",Off,12,133.0,-5.8,92.0,93.8,-1.8
13,On/Off Court,DEN,Denver Nuggets,"Strawther, Julian",Off,12,560.0,-1.1,110.6,111.0,-0.4
14,On/Off Court,DEN,Denver Nuggets,"Tyson, Hunter",Off,12,562.0,-1.5,110.2,111.2,-0.9
15,On/Off Court,DEN,Denver Nuggets,"Watson, Peyton",Off,12,486.0,0.9,113.3,111.7,1.7
