,GROUP_SET,TEAM_ABBREVIATION,TEAM_NAME,VS_PLAYER_NAME,COURT_STATUS,GP,MIN,PLUS_MINUS,OFF_RATING,DEF_RATING,NET_RATING
0,On/Off Court,IND,Indiana Pacers,"Brown, Kendall",Off,17,801.0,2.3,121.5,119.1,2.4
1,On/Off Court,IND,Indiana Pacers,"Haliburton, Tyrese",Off,17,304.0,-6.5,112.4,117.9,-5.4
2,On/Off Court,IND,Indiana Pacers,"Jackson, Isaiah",Off,17,672.0,2.1,121.3,119.1,2.2
3,On/Off Court,IND,Indiana Pacers,"Johnson, James",Off,17,825.0,1.0,120.1,119.0,1.1
4,On/Off Court,IND,Indiana Pacers,"Mathurin, Bennedict",Off,17,826.0,1.0,120.0,118.8,1.2
5,On/Off Court,IND,Indiana Pacers,"McConnell, T.J.",Off,17,478.0,2.3,120.5,118.7,1.8
6,On/Off Court,IND,Indiana Pacers,"McDermott, Doug",Off,17,762.0,2.3,121.4,118.6,2.7
7,On/Off Court,IND,Indiana Pacers,"Nembhard, Andrew",Off,17,272.0,0.0,112.2,111.0,1.2
8,On/Off Court,IND,Indiana Pacers,"Nesmith, Aaron",Off,17,267.0,0.7,115.0,112.0,3.0
9,On/Off Court,IND,Indiana Pacers,"Sheppard, Ben",Off,17,491.0,-1.1,117.0,116.7,0.3
10,On/Off Court,IND,Indiana Pacers,"Siakam, Pascal",Off,17,224.0,-4.3,109.4,111.1,-1.7
11,On/Off Court,IND,Indiana Pacers,"Smith, Jalen",Off,17,784.0,3.6,122.1,118.2,3.9
12,On/Off Court,IND,Indiana Pacers,"Toppin, Obi",Off,17,483.0,2.8,121.5,118.9,2.6
13,On/Off Court,IND,Indiana Pacers,"Turner, Myles",Off,17,276.0,-6.4,108.6,111.5,-2.8
14,On/Off Court,IND,Indiana Pacers,"Walker, Jarace",Off,17,795.0,2.2,121.4,119.0,2.4
