,GROUP_SET,TEAM_ABBREVIATION,TEAM_NAME,VS_PLAYER_NAME,COURT_STATUS,GP,MIN,PLUS_MINUS,OFF_RATING,DEF_RATING,NET_RATING
0,On/Off Court,LAC,LA Clippers,"Boston Jr., Brandon",Off,6,278.0,-7.8,108.3,115.7,-7.4
1,On/Off Court,LAC,LA Clippers,"Brown, Kobe",Off,6,278.0,-7.4,108.5,115.7,-7.2
2,On/Off Court,LAC,LA Clippers,"Coffey, Amir",Off,6,176.0,-0.8,112.9,115.5,-2.6
3,On/Off Court,LAC,LA Clippers,"George, Paul",Off,6,66.0,-9.5,102.3,110.4,-8.1
4,On/Off Court,LAC,LA Clippers,"Harden, James",Off,6,46.0,8.3,111.9,101.9,9.9
5,On/Off Court,LAC,LA Clippers,"Hyland, Bones",Off,6,276.0,-7.3,108.6,115.7,-7.1
6,On/Off Court,LAC,LA Clippers,"Jones, Kai",Off,6,288.0,-6.7,109.5,115.9,-6.4
7,On/Off Court,LAC,LA Clippers,"Leonard, Kawhi",Off,6,229.0,-5.9,111.1,116.4,-5.3
8,On/Off Court,LAC,LA Clippers,"Mann, Terance",Off,6,101.0,-7.2,107.7,113.1,-5.4
9,On/Off Court,LAC,LA Clippers,"Plumlee, Mason",Off,6,222.0,-6.5,109.0,115.8,-6.8
10,On/Off Court,LAC,LA Clippers,"Powell, Norman",Off,6,109.0,-7.9,107.2,114.3,-7.0
11,On/Off Court,LAC,LA Clippers,"Theis, Daniel",Off,6,284.0,-7.1,108.7,115.4,-6.7
12,On/Off Court,LAC,LA Clippers,"Tucker, P.J.",Off,6,257.0,-3.0,109.7,112.2,-2.6
13,On/Off Court,LAC,LA Clippers,"Westbrook, Russell",Off,6,174.0,-11.3,106.4,117.2,-10.7
14,On/Off Court,LAC,LA Clippers,"Zubac, Ivica",Off,6,96.0,-16.0,106.3,119.2,-12.9
