,GROUP_SET,TEAM_ABBREVIATION,TEAM_NAME,VS_PLAYER_NAME,COURT_STATUS,GP,MIN,PLUS_MINUS,OFF_RATING,DEF_RATING,NET_RATING
0,On/Off Court,LAL,Los Angeles Lakers,"Christie, Max",Off,5,240.0,-2.2,109.7,113.4,-3.7
1,On/Off Court,LAL,Los Angeles Lakers,"Davis, Anthony",Off,5,32.0,-3.0,93.7,96.8,-3.2
2,On/Off Court,LAL,Los Angeles Lakers,"Dinwiddie, Spencer",Off,5,167.0,2.3,114.0,113.6,0.4
3,On/Off Court,LAL,Los Angeles Lakers,"Hachimura, Rui",Off,5,88.0,7.1,111.2,106.6,4.7
4,On/Off Court,LAL,Los Angeles Lakers,"Hayes, Jaxson",Off,5,216.0,-4.0,109.1,114.0,-4.9
5,On/Off Court,LAL,Los Angeles Lakers,"Hood-Schifino, Jalen",Off,5,240.0,-2.2,109.7,113.4,-3.7
6,On/Off Court,LAL,Los Angeles Lakers,"James, LeBron",Off,5,36.0,0.0,103.9,109.6,-5.7
7,On/Off Court,LAL,Los Angeles Lakers,"Lewis, Maxwell",Off,5,240.0,-2.2,109.7,113.4,-3.7
8,On/Off Court,LAL,Los Angeles Lakers,"Prince, Taurean",Off,5,129.0,-3.0,111.6,115.2,-3.5
9,On/Off Court,LAL,Los Angeles Lakers,"Reaves, Austin",Off,5,66.0,-1.5,98.5,100.7,-2.2
10,On/Off Court,LAL,Los Angeles Lakers,"Reddish, Cam",Off,5,240.0,-2.2,109.7,113.4,-3.7
11,On/Off Court,LAL,Los Angeles Lakers,"Russell, D'Angelo",Off,5,55.0,-28.6,95.0,123.7,-28.8
12,On/Off Court,LAL,Los Angeles Lakers,"Vanderbilt, Jarred",Off,5,240.0,-2.2,109.7,113.4,-3.7
13,On/Off Court,LAL,Los Angeles Lakers,"Vincent, Gabe",Off,5,171.0,-0.6,111.7,112.2,-0.6
14,On/Off Court,LAL,Los Angeles Lakers,"Wood, Christian",Off,5,240.0,-2.2,109.7,113.4,-3.7
