,GROUP_SET,TEAM_ABBREVIATION,TEAM_NAME,VS_PLAYER_NAME,COURT_STATUS,GP,MIN,PLUS_MINUS,OFF_RATING,DEF_RATING,NET_RATING
0,On/Off Court,MIA,Miami Heat,"Adebayo, Bam",Off,5,47.0,-42.5,83.5,126.9,-43.4
1,On/Off Court,MIA,Miami Heat,"Bryant, Thomas",Off,5,222.0,-16.0,101.9,119.0,-17.1
2,On/Off Court,MIA,Miami Heat,"Butler, Jimmy",Off,5,240.0,-15.6,100.7,117.7,-17.0
3,On/Off Court,MIA,Miami Heat,"Herro, Tyler",Off,5,55.0,-30.4,89.2,124.8,-35.5
4,On/Off Court,MIA,Miami Heat,"Highsmith, Haywood",Off,5,114.0,-7.1,105.9,113.1,-7.2
5,On/Off Court,MIA,Miami Heat,"Jaquez Jr., Jaime",Off,5,118.0,-22.5,99.6,121.9,-22.3
6,On/Off Court,MIA,Miami Heat,"Jovic, Nikola",Off,5,112.0,-9.0,106.8,117.0,-10.1
7,On/Off Court,MIA,Miami Heat,"Love, Kevin",Off,5,208.0,-10.2,100.5,111.0,-10.5
8,On/Off Court,MIA,Miami Heat,"Martin, Caleb",Off,5,64.0,-14.2,93.7,111.3,-17.6
9,On/Off Court,MIA,Miami Heat,"Mills, Patty",Off,5,189.0,-17.6,99.5,119.1,-19.6
10,On/Off Court,MIA,Miami Heat,"Richardson, Josh",Off,5,240.0,-15.6,100.7,117.7,-17.0
11,On/Off Court,MIA,Miami Heat,"Robinson, Duncan",Off,5,180.0,-8.5,102.9,112.8,-9.9
12,On/Off Court,MIA,Miami Heat,"Robinson, Orlando",Off,5,238.0,-16.4,100.7,118.3,-17.6
13,On/Off Court,MIA,Miami Heat,"Rozier, Terry",Off,5,240.0,-15.6,100.7,117.7,-17.0
14,On/Off Court,MIA,Miami Heat,"Wright, Delon",Off,5,133.0,-20.6,94.8,116.6,-21.8
