,GROUP_SET,TEAM_ABBREVIATION,TEAM_NAME,VS_PLAYER_NAME,COURT_STATUS,GP,MIN,PLUS_MINUS,OFF_RATING,DEF_RATING,NET_RATING
0,On/Off Court,MIL,Milwaukee Bucks,"Antetokounmpo, Giannis",Off,6,293.0,-2.8,116.8,119.4,-2.6
1,On/Off Court,MIL,Milwaukee Bucks,"Antetokounmpo, Thanasis",Off,6,288.0,-3.2,116.7,119.9,-3.2
2,On/Off Court,MIL,Milwaukee Bucks,"Beasley, Malik",Off,6,162.0,6.2,123.1,117.8,5.3
3,On/Off Court,MIL,Milwaukee Bucks,"Beauchamp, MarJon",Off,6,283.0,-3.4,117.2,120.6,-3.4
4,On/Off Court,MIL,Milwaukee Bucks,"Beverley, Patrick",Off,6,83.0,-9.2,97.3,109.0,-11.7
5,On/Off Court,MIL,Milwaukee Bucks,"Connaughton, Pat",Off,6,169.0,-4.8,116.5,124.2,-7.7
6,On/Off Court,MIL,Milwaukee Bucks,"Crowder, Jae",Off,6,251.0,1.5,119.1,117.2,1.9
7,On/Off Court,MIL,Milwaukee Bucks,"Gallinari, Danilo",Off,6,256.0,-2.1,115.6,118.0,-2.4
8,On/Off Court,MIL,Milwaukee Bucks,"Green, AJ",Off,6,226.0,-3.2,116.2,121.3,-5.1
9,On/Off Court,MIL,Milwaukee Bucks,"Jackson Jr., Andre",Off,6,233.0,-5.8,114.0,121.2,-7.2
10,On/Off Court,MIL,Milwaukee Bucks,"Lillard, Damian",Off,6,137.0,6.3,119.0,111.1,8.0
11,On/Off Court,MIL,Milwaukee Bucks,"Livingston, Chris",Off,6,287.0,-2.8,117.3,119.7,-2.4
12,On/Off Court,MIL,Milwaukee Bucks,"Lopez, Brook",Off,6,93.0,9.3,112.0,103.9,8.1
13,On/Off Court,MIL,Milwaukee Bucks,"Middleton, Khris",Off,6,63.0,-16.7,101.6,117.7,-16.1
14,On/Off Court,MIL,Milwaukee Bucks,"Portis, Bobby",Off,6,106.0,-24.0,101.4,124.2,-22.8
