,GROUP_SET,TEAM_ABBREVIATION,TEAM_NAME,VS_PLAYER_NAME,COURT_STATUS,GP,MIN,PLUS_MINUS,OFF_RATING,DEF_RATING,NET_RATING
0,On/Off Court,MIN,Minnesota Timberwolves,"Alexander-Walker, Nickeil",Off,16,390.0,7.3,114.3,108.5,5.7
1,On/Off Court,MIN,Minnesota Timberwolves,"Anderson, Kyle",Off,16,537.0,9.2,116.6,107.8,8.7
2,On/Off Court,MIN,Minnesota Timberwolves,"Conley, Mike",Off,16,294.0,1.5,109.8,107.3,2.6
3,On/Off Court,MIN,Minnesota Timberwolves,"Edwards, Anthony",Off,16,119.0,-1.6,104.6,110.3,-5.8
4,On/Off Court,MIN,Minnesota Timberwolves,"Garza, Luka",Off,16,742.0,2.8,115.0,112.4,2.6
5,On/Off Court,MIN,Minnesota Timberwolves,"Gobert, Rudy",Off,16,256.0,-5.3,102.9,109.2,-6.3
6,On/Off Court,MIN,Minnesota Timberwolves,"McDaniels, Jaden",Off,16,231.0,0.0,103.4,105.2,-1.8
7,On/Off Court,MIN,Minnesota Timberwolves,"McLaughlin, Jordan",Off,16,738.0,3.3,115.1,112.1,3.0
8,On/Off Court,MIN,Minnesota Timberwolves,"Miller, Leonard",Off,16,761.0,3.8,114.8,111.2,3.6
9,On/Off Court,MIN,Minnesota Timberwolves,"Minott, Josh",Off,16,750.0,3.5,115.2,111.9,3.3
10,On/Off Court,MIN,Minnesota Timberwolves,"Moore Jr., Wendell",Off,16,750.0,3.7,115.4,111.8,3.6
11,On/Off Court,MIN,Minnesota Timberwolves,"Morris, Monte",Off,16,701.0,4.4,116.6,112.8,3.9
12,On/Off Court,MIN,Minnesota Timberwolves,"Reid, Naz",Off,16,407.0,10.6,115.2,105.7,9.6
13,On/Off Court,MIN,Minnesota Timberwolves,"Towns, Karl-Anthony",Off,16,246.0,9.6,114.2,102.6,11.6
14,On/Off Court,MIN,Minnesota Timberwolves,"Warren, T.J.",Off,16,757.0,3.8,114.9,111.4,3.5
