,GROUP_SET,TEAM_ABBREVIATION,TEAM_NAME,VS_PLAYER_NAME,COURT_STATUS,GP,MIN,PLUS_MINUS,OFF_RATING,DEF_RATING,NET_RATING
0,On/Off Court,NOP,New Orleans Pelicans,"Alvarado, Jose",Off,4,130.0,-15.5,95.1,110.1,-15.0
1,On/Off Court,NOP,New Orleans Pelicans,"Daniels, Dyson",Off,4,175.0,-13.7,95.2,110.3,-15.1
2,On/Off Court,NOP,New Orleans Pelicans,"Hawkins, Jordan",Off,4,180.0,-17.0,93.9,111.4,-17.5
3,On/Off Court,NOP,New Orleans Pelicans,"Ingram, Brandon",Off,4,47.0,-19.6,96.7,116.5,-19.8
4,On/Off Court,NOP,New Orleans Pelicans,"Jones, Herbert",Off,4,51.0,-14.9,85.8,101.9,-16.1
5,On/Off Court,NOP,New Orleans Pelicans,"Liddell, E.J.",Off,4,189.0,-16.5,93.9,110.8,-16.9
6,On/Off Court,NOP,New Orleans Pelicans,"Marshall, Naji",Off,4,108.0,-14.2,88.4,103.6,-15.2
7,On/Off Court,NOP,New Orleans Pelicans,"McCollum, CJ",Off,4,44.0,-10.8,83.1,87.5,-4.4
8,On/Off Court,NOP,New Orleans Pelicans,"Murphy III, Trey",Off,4,24.0,-6.0,90.0,100.0,-10.0
9,On/Off Court,NOP,New Orleans Pelicans,"Nance Jr., Larry",Off,4,108.0,-20.0,91.7,113.4,-21.7
10,On/Off Court,NOP,New Orleans Pelicans,"Robinson-Earl, Jeremiah",Off,4,187.0,-15.9,93.6,110.2,-16.6
11,On/Off Court,NOP,New Orleans Pelicans,"Ryan, Matt",Off,4,189.0,-16.5,93.9,110.8,-16.9
12,On/Off Court,NOP,New Orleans Pelicans,"Valanciunas, Jonas",Off,4,103.0,-14.5,87.7,101.9,-14.2
13,On/Off Court,NOP,New Orleans Pelicans,"Williamson, Zion",Off,4,192.0,-15.8,93.5,109.6,-16.2
14,On/Off Court,NOP,New Orleans Pelicans,"Zeller, Cody",Off,4,192.0,-15.8,93.5,109.6,-16.2
