,GROUP_SET,TEAM_ABBREVIATION,TEAM_NAME,VS_PLAYER_NAME,COURT_STATUS,GP,MIN,PLUS_MINUS,OFF_RATING,DEF_RATING,NET_RATING
0,On/Off Court,NYK,New York Knicks,"Achiuwa, Precious",Off,13,445.0,-0.3,116.9,117.4,-0.5
1,On/Off Court,NYK,New York Knicks,"Anunoby, OG",Off,13,305.0,-4.7,115.7,120.4,-4.7
2,On/Off Court,NYK,New York Knicks,"Bogdanovic, Bojan",Off,13,578.0,-4.9,117.7,123.3,-5.6
3,On/Off Court,NYK,New York Knicks,"Brunson, Jalen",Off,13,112.0,-16.8,108.5,126.0,-17.5
4,On/Off Court,NYK,New York Knicks,"Burks, Alec",Off,13,508.0,-0.6,117.4,118.1,-0.7
5,On/Off Court,NYK,New York Knicks,"DiVincenzo, Donte",Off,12,163.0,9.4,112.7,101.9,10.8
6,On/Off Court,NYK,New York Knicks,"Diakite, Mamadi",Off,13,614.0,-3.1,118.6,122.3,-3.7
7,On/Off Court,NYK,New York Knicks,"Hart, Josh",Off,9,81.0,10.6,114.8,104.3,10.5
8,On/Off Court,NYK,New York Knicks,"Hartenstein, Isaiah",Off,13,241.0,8.7,114.3,106.2,8.1
9,On/Off Court,NYK,New York Knicks,"Jeffries, DaQuan",Off,13,609.0,-3.2,118.8,122.6,-3.8
10,On/Off Court,NYK,New York Knicks,"McBride, Miles",Off,13,282.0,1.7,120.3,120.9,-0.6
11,On/Off Court,NYK,New York Knicks,"Milton, Shake",Off,13,607.0,-3.0,118.9,122.5,-3.7
12,On/Off Court,NYK,New York Knicks,"Randle, Julius",Off,13,629.0,-2.1,118.1,120.6,-2.5
13,On/Off Court,NYK,New York Knicks,"Robinson, Mitchell",Off,13,514.0,-5.3,117.3,123.0,-5.7
14,On/Off Court,NYK,New York Knicks,"Sims, Jericho",Off,13,602.0,-2.8,119.4,122.6,-3.1
