,GROUP_SET,TEAM_ABBREVIATION,TEAM_NAME,VS_PLAYER_NAME,COURT_STATUS,GP,MIN,PLUS_MINUS,OFF_RATING,DEF_RATING,NET_RATING
0,On/Off Court,OKC,Oklahoma City Thunder,"Biyombo, Bismack",Off,10,480.0,6.3,110.9,104.5,6.4
1,On/Off Court,OKC,Oklahoma City Thunder,"Dieng, Ousmane",Off,10,473.0,6.4,111.2,104.7,6.5
2,On/Off Court,OKC,Oklahoma City Thunder,"Dort, Luguentz",Off,10,130.0,10.3,105.9,97.0,8.8
3,On/Off Court,OKC,Oklahoma City Thunder,"Giddey, Josh",Off,10,299.0,3.9,109.6,105.6,4.1
4,On/Off Court,OKC,Oklahoma City Thunder,"Gilgeous-Alexander, Shai",Off,10,81.0,4.1,104.9,98.8,6.1
5,On/Off Court,OKC,Oklahoma City Thunder,"Hayward, Gordon",Off,10,434.0,5.2,111.6,105.7,5.9
6,On/Off Court,OKC,Oklahoma City Thunder,"Holmgren, Chet",Off,10,135.0,-4.3,96.7,101.5,-4.8
7,On/Off Court,OKC,Oklahoma City Thunder,"Joe, Isaiah",Off,10,307.0,7.8,109.6,100.2,9.4
8,On/Off Court,OKC,Oklahoma City Thunder,"Muscala, Mike",Off,10,480.0,6.3,110.9,104.5,6.4
9,On/Off Court,OKC,Oklahoma City Thunder,"Wallace, Cason",Off,10,282.0,5.3,109.4,105.1,4.3
10,On/Off Court,OKC,Oklahoma City Thunder,"Waters III, Lindy",Off,10,471.0,6.8,111.5,104.6,6.9
11,On/Off Court,OKC,Oklahoma City Thunder,"Wiggins, Aaron",Off,10,323.0,6.1,110.1,104.8,5.3
12,On/Off Court,OKC,Oklahoma City Thunder,"Williams, Jalen",Off,10,103.0,-1.4,97.0,94.8,2.3
13,On/Off Court,OKC,Oklahoma City Thunder,"Williams, Jaylin",Off,10,353.0,12.5,113.2,100.3,13.0
14,On/Off Court,OKC,Oklahoma City Thunder,"Williams, Kenrich",Off,10,449.0,7.4,111.5,104.3,7.2
