,GROUP_SET,TEAM_ABBREVIATION,TEAM_NAME,VS_PLAYER_NAME,COURT_STATUS,GP,MIN,PLUS_MINUS,OFF_RATING,DEF_RATING,NET_RATING
0,On/Off Court,ORL,Orlando Magic,"Anthony, Cole",Off,7,233.0,3.7,105.3,100.6,4.6
1,On/Off Court,ORL,Orlando Magic,"Banchero, Paolo",Off,7,74.0,7.2,110.6,100.7,9.9
2,On/Off Court,ORL,Orlando Magic,"Bitadze, Goga",Off,7,326.0,5.7,104.9,98.5,6.5
3,On/Off Court,ORL,Orlando Magic,"Black, Anthony",Off,7,325.0,5.8,105.2,98.8,6.5
4,On/Off Court,ORL,Orlando Magic,"Carter Jr., Wendell",Off,7,151.0,2.9,100.3,96.7,3.6
5,On/Off Court,ORL,Orlando Magic,"Fultz, Markelle",Off,7,230.0,-0.2,102.3,102.6,-0.2
6,On/Off Court,ORL,Orlando Magic,"Harris, Gary",Off,7,177.0,7.9,107.1,97.5,9.6
7,On/Off Court,ORL,Orlando Magic,"Harris, Kevon",Off,2,96.0,-12.0,88.5,101.0,-12.6
8,On/Off Court,ORL,Orlando Magic,"Houstan, Caleb",Off,7,322.0,6.6,105.9,98.6,7.3
9,On/Off Court,ORL,Orlando Magic,"Howard, Jett",Off,7,326.0,5.7,104.9,98.5,6.5
10,On/Off Court,ORL,Orlando Magic,"Ingles, Joe",Off,7,268.0,2.9,103.5,99.4,4.1
11,On/Off Court,ORL,Orlando Magic,"Isaac, Jonathan",Off,7,189.0,6.4,105.3,97.6,7.7
12,On/Off Court,ORL,Orlando Magic,"Okeke, Chuma",Off,7,326.0,5.7,104.9,98.5,6.5
13,On/Off Court,ORL,Orlando Magic,"Queen, Trevelin",Off,2,96.0,-12.0,88.5,101.0,-12.6
14,On/Off Court,ORL,Orlando Magic,"Schofield, Admiral",Off,2,96.0,-12.0,88.5,101.0,-12.6
15,On/Off Court,ORL,Orlando Magic,"Suggs, Jalen",Off,7,104.0,2.3,100.5,99.5,1.0
16,On/Off Court,ORL,Orlando Magic,"Wagner, Franz",Off,7,77.0,0.6,102.0,101.3,0.7
17,On/Off Court,ORL,Orlando Magic,"Wagner, Moritz",Off,7,231.0,-0.6,102.8,103.8,-1.1
