,GROUP_SET,TEAM_ABBREVIATION,TEAM_NAME,VS_PLAYER_NAME,COURT_STATUS,GP,MIN,PLUS_MINUS,OFF_RATING,DEF_RATING,NET_RATING
0,On/Off Court,PHI,Philadelphia 76ers,"Bamba, Mo",Off,6,293.0,-0.2,116.9,116.7,0.2
1,On/Off Court,PHI,Philadelphia 76ers,"Batum, Nicolas",Off,6,123.0,6.6,123.7,115.7,8.0
2,On/Off Court,PHI,Philadelphia 76ers,"Council IV, Ricky",Off,6,293.0,-0.2,116.9,116.7,0.2
3,On/Off Court,PHI,Philadelphia 76ers,"Covington, Robert",Off,6,293.0,-0.2,116.9,116.7,0.2
4,On/Off Court,PHI,Philadelphia 76ers,"Dowtin Jr., Jeff",Off,6,293.0,-0.2,116.9,116.7,0.2
5,On/Off Court,PHI,Philadelphia 76ers,"Embiid, Joel",Off,6,45.0,-50.4,72.8,125.3,-52.4
6,On/Off Court,PHI,Philadelphia 76ers,"Harris, Tobias",Off,6,75.0,5.1,118.0,109.7,8.3
7,On/Off Court,PHI,Philadelphia 76ers,"Hield, Buddy",Off,6,242.0,0.8,117.1,115.5,1.6
8,On/Off Court,PHI,Philadelphia 76ers,"Lowry, Kyle",Off,6,118.0,-7.4,108.2,117.5,-9.3
9,On/Off Court,PHI,Philadelphia 76ers,"Martin, KJ",Off,6,293.0,-0.2,116.9,116.7,0.2
10,On/Off Court,PHI,Philadelphia 76ers,"Maxey, Tyrese",Off,6,26.0,13.2,112.5,92.2,20.3
11,On/Off Court,PHI,Philadelphia 76ers,"Melton, De'Anthony",Off,6,286.0,0.0,117.0,116.8,0.2
12,On/Off Court,PHI,Philadelphia 76ers,"Oubre Jr., Kelly",Off,6,69.0,-16.6,97.0,115.8,-18.8
13,On/Off Court,PHI,Philadelphia 76ers,"Payne, Cameron",Off,6,232.0,1.0,119.0,117.6,1.4
14,On/Off Court,PHI,Philadelphia 76ers,"Reed, Paul",Off,6,250.0,8.3,123.1,114.8,8.3
