,GROUP_SET,TEAM_ABBREVIATION,TEAM_NAME,VS_PLAYER_NAME,COURT_STATUS,GP,MIN,PLUS_MINUS,OFF_RATING,DEF_RATING,NET_RATING
0,On/Off Court,PHX,Phoenix Suns,"Allen, Grayson",Off,4,149.0,-18.3,107.7,126.0,-18.3
1,On/Off Court,PHX,Phoenix Suns,"Beal, Bradley",Off,4,38.0,-11.4,106.6,112.5,-5.9
2,On/Off Court,PHX,Phoenix Suns,"Bol, Bol",Off,4,179.0,-16.4,110.8,125.3,-14.5
3,On/Off Court,PHX,Phoenix Suns,"Booker, Devin",Off,4,26.0,-25.7,96.0,119.2,-23.2
4,On/Off Court,PHX,Phoenix Suns,"Durant, Kevin",Off,4,24.0,22.2,100.0,75.5,24.5
5,On/Off Court,PHX,Phoenix Suns,"Eubanks, Drew",Off,4,155.0,-14.9,110.6,122.8,-12.2
6,On/Off Court,PHX,Phoenix Suns,"Gordon, Eric",Off,4,74.0,-21.9,94.6,115.2,-20.6
7,On/Off Court,PHX,Phoenix Suns,"Lee, Damion",Off,4,192.0,-15.0,109.3,123.2,-13.9
8,On/Off Court,PHX,Phoenix Suns,"Little, Nassir",Off,4,178.0,-14.5,110.5,124.0,-13.5
9,On/Off Court,PHX,Phoenix Suns,"Nurkic, Jusuf",Off,4,88.0,-10.9,108.8,122.5,-13.7
10,On/Off Court,PHX,Phoenix Suns,"O'Neale, Royce",Off,4,88.0,-7.7,110.7,118.6,-7.9
11,On/Off Court,PHX,Phoenix Suns,"Okogie, Josh",Off,4,163.0,-19.2,106.5,124.4,-17.9
12,On/Off Court,PHX,Phoenix Suns,"Roddy, David",Off,4,189.0,-16.5,109.4,124.5,-15.1
13,On/Off Court,PHX,Phoenix Suns,"Thomas, Isaiah",Off,4,188.0,-14.0,110.5,123.4,-12.9
14,On/Off Court,PHX,Phoenix Suns,"Young, Thaddeus",Off,4,188.0,-14.0,110.5,123.4,-12.9
